rss,vsz
734660,8066812
734660,8066812
734660,8066812
734660,8066812
734660,8066812
734660,8066812
734660,8066812
734660,8066812
734660,8066812
734660,8066812
734660,8066812
734660,8066812
734660,8066812
734660,8066812
734660,8066812
734660,8066812
734660,8066812
734660,8066812
734660,8066812
734660,8066812
734660,8066812
947560,8461612
1136248,8856148
1288460,8987748
1438348,9185148
1573728,9514148
1743204,9711548
1847308,9777348
1990100,10040284
2111616,10237420
2254480,10565892
2361956,10697492
2468012,10828828
2589988,11026228
2703184,11289164
2813928,11420500
2961100,11617900
3077204,11881100
3187896,11946900
3297588,12341172
3410008,12603844
3491036,12669644
3592580,12998380
3695900,13195516
3783568,13392916
3877412,13458716
3977660,13787716
4081264,13985116
4194724,14050916
4313572,14182516
4418868,14314116
4519780,14708388
4632832,14643692
4746408,14710604
4835004,14776932
4910648,14842468
4979208,14843524
5044656,14844316
5120860,14845572
5206080,14847308
5260916,14849904
5335220,14851564
5431188,14853060
5508544,14854800
5588560,14857156
5726384,14859344
5798388,14797904
5881276,14801860
5989068,14803400
6062472,14737864
6163708,14934472
6274324,15196616
6396880,15271300
6536988,15402372
6688252,15664516
6841108,15733768
6965784,15735968
7037788,15803336
7102112,16002560
7262624,16267184
7362788,16335280
7498960,16272416
7537632,16274620
7580412,16342280
7655168,16475680
7714344,16413440
7702680,16222484
7588924,16429564
7416792,15923028
7358540,15857492
7415540,15923028
7306332,15791956
7295248,15660884
7281608,15614120
7250012,15548584
7282216,15614120
7215076,15614120
7194964,15548584
7217660,15548584
7186288,15548584
7208180,15679656
7202976,15679656
7223300,15745192
7237288,15810728
7252864,15810728
7273720,15810728
7307760,15810728
7305488,15810728
7324164,15745192
7340796,15745192
7360860,15810728
7354876,15745192
7354720,15679656
7375044,15679656
7405932,15745192
7377124,15614120
7391908,15614120
7405636,15614120
7422528,15614120
7441536,15614120
7453152,15679656
7467140,15679656
7488516,15679656
7508048,15679656
7522556,15679656
7553428,15679656
7554156,15679656
7588736,15679656
7608792,15679656
7632800,15679656
7650224,15679656
7667416,15745192
7703212,15810728
7731280,15876264
7736220,15810728
7768544,15876264
7815388,15941800
7857088,16072872
7892464,16072872
7946980,16072872
7996612,16072872
8063132,16138408
8129660,16203944
8202784,16400552
8275640,16531624
8335420,16531624
8450948,16728232
8509472,16662696
8624288,16990376
8562616,16728232
8676796,16728232
8791716,16990376
8874040,16990376
8773872,17055912
8828772,17121448
8844440,17318056
8934020,17186984
8677472,16531624
8643656,16400552
8659496,16466088
8455848,16269480
8443672,16203944
8449476,16203944
8434532,16203944
8374392,16138408
8292832,16072872
8301544,16072872
8312100,16138408
8298032,16203944
8291532,16138408
8276336,16072872
8239552,16072872
8245096,16072872
8250376,16072872
8258292,16072872
8266736,16072872
8092948,15876264
8104300,15941800
8119336,16007336
8103992,15941800
8110856,15941800
8116664,15941800
8126952,15941800
8134080,15941800
8139888,15941800
8145696,15941800
8149916,15941800
8157568,16007336
8161828,15941800
8168420,15941800
8174492,15941800
8185044,15941800
8208008,15941800
8190196,15876264
8196796,15941800
8207876,15941800
8214736,15941800
8225280,15941800
8237156,15941800
8248244,15941800
8255108,15941800
8273968,16007336
8290724,16072872
8311700,16072872
8327328,16138408
8354256,16138408
8385104,16269480
8412816,16400552
8451620,16531624
8497292,16531624
8550076,16728232
8615632,16924840
8678464,16990376
8703624,16924840
8773580,16990376
8843540,16990376
8838980,16990376
8880944,17252520
8929564,17252520
8982132,17186984
9027768,17055912
9080540,17121448
8820936,16793768
8875056,16728232
8849816,16990376
8756172,16793768
8834048,16859304
8608868,16466088
8615680,16400552
8498120,16335016
8469344,16335016
8482280,16335016
8491520,16335016
8497064,16335016
8508412,16335016
8516064,16335016
8474584,16269480
8478016,16269480
8451124,16203944
8459836,16203944
8466436,16203944
8471976,16203944
8482528,16203944
8488596,16203944
8492820,16203944
8498892,16203944
8503908,16203944
8509276,16203944
8489780,16138408
8493740,16138408
8497436,16138408
8503244,16138408
8514068,16138408
8522512,16203944
8528320,16203944
8533864,16269480
8537032,16269480
8543364,16269480
8550752,16335016
8554976,16335016
8560784,16335016
8569488,16335016
8582420,16335016
8593768,16335016
8600104,16335016
8604328,16335016
8608552,16335016
8619872,16335016
8642748,16335016
8660696,16335016
8631488,16335016
8645056,16335016
8657200,16335016
8667232,16400552
8636820,16400552
8654744,16466088
8674924,16466088
8699736,16466088
8716632,16466088
8742496,16597160
8765500,16662696
8794268,16728232
8800332,16793768
8837208,16859304
8882616,16859304
8879068,16662696
8875008,16728232
8918292,16990376
8984800,17121448
8940940,17186984
8969404,17186984
9015116,17121448
9085632,17318056
9076520,17318056
9095948,17252520
9112420,17383592
9115524,17186984
9110096,16990376
8798308,16662696
8773260,16466088
8772848,16400552
8713100,16269480
8713100,16269480
8671756,16269480
8671756,16269480
8635700,16269480
8640712,16335016
8643880,16335016
8649888,16335016
8657804,16335016
8622868,16335016
8604236,16269480
8606096,16269480
8617708,16335016
8636444,16466088
8596508,16400552
8638824,16531624
8743828,16597160
8783600,16597160
8780596,16597160
8797752,16597160
8818608,16597160
8829432,16597160
8841576,16597160
8856144,16662696
8859576,16662696
8864064,16662696
8826736,16662696
8830696,16662696
8843868,16728232
8848088,16728232
8853104,16728232
8866564,16793768
8842840,16662696
8890156,16793768
8887512,16793768
8869312,16662696
8841472,16597160
8820508,16597160
8829748,16597160
8837140,16597160
8854824,16662696
8789868,16597160
8794356,16597160
8798052,16597160
8801748,16597160
8814420,16597160
8819172,16597160
8825780,16597160
8839228,16662696
8855596,16662696
8884392,16859304
8894228,16924840
8900692,16728232
8876132,16662696
8849220,16597160
8787884,16466088
8760540,16400552
8763700,16400552
8739096,16335016
8570724,16203944
8570724,16203944
8541400,16138408
8541400,16138408
8547472,16203944
8548976,16203944
8573812,16335016
8604172,16335016
8668316,16662696
8726488,16859304
8805792,16793768
8732988,16597160
8708088,16531624
8690044,16531624
8708800,16597160
8698296,16531624
8723636,16531624
8729176,16597160
8733400,16597160
8741584,16597160
8748448,16597160
8754256,16597160
8717596,16531624
8722876,16597160
8737128,16597160
8754812,16662696
8792484,16859304
8831548,16924840
8818808,16728232
8801940,16662696
8779992,16597160
8771208,16597160
8771768,16531624
8789456,16531624
8802392,16597160
8816648,16597160
8778080,16531624
8778080,16531624
8778080,16531624
8780716,16597160
8783620,16597160
8734628,16531624
8748356,16531624
8746560,16597160
8731328,16531624
8765184,16597160
8814496,16728232
8739016,16662696
8739016,16662696
8737512,16662696
8764172,16662696
8773412,16662696
8750212,16597160
8744956,16531624
8744956,16531624
8744956,16531624
8689684,16466088
8690736,16466088
8667980,16400552
8675136,16400552
8686436,16466088
8699884,16466088
8723376,16531624
8667624,16531624
8640964,16400552
8659788,16400552
8617548,16400552
8617548,16400552
8617548,16400552
8617548,16400552
8593424,16335016
8593424,16335016
8593424,16335016
8593424,16335016
8593424,16335016
8593424,16335016
8600544,16400552
8613472,16531624
8633536,16531624
8660992,16531624
8685012,16662696
8724344,16728232
8689908,16597160
8680932,16597160
8680932,16597160
8653524,16531624
8619028,16531624
8626948,16531624
8638300,16531624
8611984,16466088
8616472,16466088
8620696,16466088
8592572,16400552
8570432,16335016
8553972,16269480
8570532,16335016
8610648,16335016
8633716,16335016
8665384,16531624
8647652,16597160
8717664,16597160
8717628,16597160
8691720,16531624
8691720,16531624
8691720,16531624
8691720,16531624
8670804,16531624
8674236,16531624
8678460,16531624
8681364,16531624
8686640,16531624
8699308,16597160
8690060,16531624
8707216,16531624
8732296,16531624
8750312,16531624
8768264,16531624
8750716,16597160
8794628,16597160
8807564,16597160
8822348,16597160
8832644,16662696
8813672,16597160
8783332,16597160
8784916,16597160
8757148,16531624
8730696,16466088
8730696,16466088
8730696,16466088
8733856,16531624
8750988,16531624
8765244,16531624
8764716,16531624
8782132,16662696
8788724,16793768
8867536,16924840
8848804,16793768
8848804,16793768
8848804,16793768
8786760,16662696
8786760,16662696
8762044,16597160
8713100,16531624
8719172,16531624
8689712,16466088
8690240,16466088
8691560,16466088
8695256,16466088
8700800,16466088
8710024,16466088
8716952,16531624
8731728,16728232
8770380,16728232
8743836,16597160
8770768,16597160
8745852,16531624
8716496,16466088
8732096,16531624
8748992,16531624
8746368,16466088
8746368,16466088
8746368,16466088
8746368,16466088
8746368,16466088
8746368,16466088
8750356,16531624
8755692,16531624
8767568,16597160
8763616,16662696
8799876,16728232
8801140,16728232
8781040,16728232
8824056,16728232
8824056,16728232
8824056,16728232
8824056,16728232
8824056,16728232
8799816,16662696
8799816,16662696
8799816,16662696
8799816,16662696
8799816,16662696
8799816,16662696
8799816,16662696
8779932,16662696
8744696,16662696
8768696,16662696
8791712,16728232
8830272,16859304
8852964,16859304
8826324,16793768
8799212,16793768
8816104,16793768
8836168,16793768
8851744,16793768
8867848,16793768
8822492,16793768
8822492,16793768
8824336,16793768
8824336,16793768
8824336,16793768
8824336,16793768
8829276,16859304
8836548,16859304
8850388,16924840
8885376,16990376
8904592,16924840
8916168,16924840
8903876,16859304
8919716,16859304
8940568,16990376
8956936,16990376
8970400,16990376
8988352,16990376
8958260,16924840
8958260,16924840
8925760,16859304
8925760,16859304
8896832,16793768
8896864,16793768
8900788,16793768
8907912,16793768
8907968,16793768
8916412,16793768
8925480,16793768
8942164,16793768
8942476,16793768
8942476,16793768
8925064,16793768
8932984,16793768
8914660,16728232
8926272,16728232
8930228,16793768
8933128,16793768
8935768,16793768
8939724,16793768
8947900,16793768
8956340,16793768
8970928,16793768
8978056,16793768
8998812,16859304
9018332,16924840
9021240,16859304
9048452,16859304
9057884,16859304
9057884,16859304
9057884,16924840
9067912,16924840
9074776,16924840
9080320,16924840
9057916,16859304
9002888,16859304
9004736,16859304
9004736,16859304
9004736,16859304
8977608,16859304
8987648,16859304
9000288,16859304
9019184,16859304
9031592,16859304
9039776,16859304
8999384,16859304
9002832,16859304
8976316,16793768
8982116,16924840
9003232,16924840
9018016,16924840
9040192,16924840
9009076,16859304
9009340,16859304
9011716,16859304
9014620,16859304
9017788,16859304
9022696,16859304
9028768,16859304
9036688,16859304
9044436,16859304
9009748,16859304
8978340,16990376
8999912,16990376
8996508,16924840
9006792,16990376
9021840,16990376
9035304,16990376
9044544,16990376
9056160,16990376
9075956,17055912
9036700,17055912
9040396,17055912
9043828,17055912
9048576,17121448
9056496,17121448
9043300,17055912
9050132,17055912
9060236,17055912
9067380,17121448
9076884,17121448
9089392,17121448
9102708,17121448
9102708,17121448
9102708,17121448
9102708,17121448
9102708,17121448
9111412,17121448
9058360,17121448
9060204,17121448
9060204,17121448
9060204,17121448
9060992,17186984
9064952,17186984
9072896,17186984
9086624,17186984
9079496,17121448
9100792,17121448
9118248,17121448
9096100,17121448
9082464,17055912
9082464,17055912
9083516,17055912
9093284,17055912
9099884,17055912
9105952,17055912
9116244,17055912
9116244,17055912
9116244,17055912
9116244,17055912
9116244,17055912
9116244,17055912
9123244,17055912
9123244,17055912
9123244,17055912
9129356,17055912
9130596,17055912
9130600,17055912
9130600,17055912
9130600,17055912
9130600,17055912
9130600,17055912
9130600,17055912
9130600,17055912
9130600,17055912
9130600,17055912
9130600,17055912
9130600,17055912
9079952,17055912
9084436,17121448
9091828,17121448
9080248,17055912
9080352,17055912
9083044,17055912
9095868,17121448
9091512,17055912
9091512,17055912
9091512,17055912
9091512,17055912
9091512,17055912
9091512,17055912
9093880,17121448
9097840,17121448
9101536,17121448
9105232,17121448
9108928,17121448
9121068,17121448
9126620,17121448
9133748,17121448
9148532,17121448
9164372,17121448
9191300,17121448
9158012,17121448
9114608,17121448
9114608,17121448
9053292,16990376
9053816,16990376
9071472,16990376
9089656,16990376
9112080,16990376
9112080,16990376
9112080,16990376
9084428,16924840
9084428,16924840
9085480,16990376
9090496,16990376
9097596,16990376
9111488,16990376
9111500,16990376
9111500,16990376
9127044,17055912
9119656,16990376
9129948,16990376
9145524,16990376
9152388,16990376
9158988,16990376
9119688,16990376
9119688,16990376
9119688,16990376
9119688,16990376
9119688,16990376
9121004,17055912
9131664,17121448
9138528,17121448
9126644,17055912
9135920,17055912
9146216,17055912
9174456,17186984
9151076,17121448
9151076,17121448
9151076,17121448
9158200,17186984
9165592,17186984
9173248,17186984
9154232,17121448
9154232,17121448
9154232,17121448
9154232,17121448
9157132,17186984
9155828,17121448
9155788,17121448
9155788,17121448
9159160,17121448
9166288,17121448
9175012,17121448
9188208,17186984
9202928,17055912
9149144,17055912
9149144,17055912
9149144,17055912
9121564,16990376
9123408,16990376
9133964,16990376
9136336,16990376
9136336,16990376
9136600,16990376
9109800,16924840
9109800,16924840
9109800,16924840
9111112,16924840
9120068,16924840
9133004,16990376
9150692,16990376
9153596,16990376
9142384,16990376
9142384,16990376
9142384,16990376
9142384,16990376
9142384,16990376
9142384,16990376
9102724,16990376
9102724,16990376
9102724,16990376
9102724,16990376
9102724,16990376
9103248,16990376
9104180,16990376
9104180,16990376
9104180,16990376
9111836,16990376
9101124,16990376
9126200,16990376
9103260,16990376
9105368,16990376
9115928,16990376
9130184,16990376
9147872,16990376
9120628,16990376
9130392,17055912
9145176,17055912
9153872,17055912
9164692,17055912
9171028,17055912
9178420,17055912
9198876,17055912
9199136,17055912
9207584,17055912
9224104,17121448
9246804,17186984
9215520,17121448
9203316,17055912
9203316,17055912
9203316,17055912
9212024,17121448
9220472,17121448
9232352,17121448
9203348,17055912
9203348,17055912
9203348,17055912
9203348,17055912
9203348,17055912
9203348,17055912
9203348,17055912
9207568,17121448
9216244,17121448
9236308,17121448
9251732,17121448
9268788,17121448
9242424,17055912
9242424,17055912
9242424,17055912
9242424,17055912
9242424,17055912
9242684,17055912
9251660,17055912
9251660,17055912
9251660,17055912
9251660,17055912
9251660,17055912
9251660,17055912
9252112,17055912
9252112,17055912
9252124,17055912
9252124,17055912
9252124,17055912
9262984,17186984
9298984,17186984
9298984,17186984
9298984,17186984
9275304,17121448
9275304,17121448
9278204,17121448
9282428,17121448
9292984,17121448
9292984,17121448
9292984,17121448
9292984,17121448
9292984,17121448
9293932,17121448
9293916,17121448
9293916,17121448
9267260,17055912
9267232,17055912
9246440,16990376
9270936,16990376
9270936,16990376
9270936,16990376
9270936,16990376
9270936,16990376
9278852,16990376
9278852,16990376
9278852,16990376
9236088,16990376
9236088,16990376
9236088,16990376
9236088,16990376
9238480,16990376
9238480,16990376
9241172,17055912
9250148,17055912
9238516,16990376
9258848,17121448
9293328,17121448
9293328,17121448
9293328,17121448
9293328,17121448
9293328,17121448
9293328,17121448
9269044,17055912
9203688,16990376
9203688,16990376
9203688,16990376
9203688,16990376
9205268,16990376
9210508,16990376
9210508,16990376
9210508,16990376
9222116,17055912
9253004,17186984
9257264,17055912
9257420,17055912
9232472,16990376
9232472,16990376
9232472,16990376
9232472,16990376
9232472,16990376
9236692,17055912
9240652,17055912
9243820,17055912
9247252,17055912
9250420,17055912
9232432,16990376
9232432,16990376
9236124,16990376
9247476,16990376
9257768,17055912
9247212,17055912
9237164,16990376
9237164,16990376
9197840,16924840
9207604,16990376
9215788,16990376
9236640,16990376
9236640,16990376
9236640,16990376
9236640,16990376
9236640,16990376
9236640,16990376
9236640,16990376
9236640,16990376
9236640,16990376
9236608,16990376
9236608,16990376
9239508,16990376
9248240,17055912
9211920,17055912
9211920,17055912
9211920,17055912
9215084,17121448
9220364,17121448
9226700,17121448
9210168,17121448
9223632,17121448
9214588,17055912
9214588,17055912
9214588,17055912
9214588,17055912
9214588,17055912
9214680,17055912
9214680,17055912
9222064,17121448
9256868,17186984
9262184,17121448
9288688,17121448
9288688,17121448
9288688,17121448
9288688,17121448
9288688,17121448
9288688,17121448
9288688,17121448
9288688,17121448
9288688,17121448
9288688,17121448
9289212,17186984
9299500,17252520
9311476,17252520
9325468,17252520
9293404,17121448
9293404,17121448
9293404,17121448
9293536,17121448
9293536,17121448
9293536,17121448
9293536,17121448
9266784,17055912
9266784,17055912
9266784,17055912
9266784,17055912
9266784,17055912
9236848,16990376
9236848,16990376
9240276,17055912
9247628,17055912
9262396,17055912
9274248,17055912
9290464,17121448
9310776,17121448
9336116,17121448
9345976,17121448
9345976,17121448
9345976,17121448
9345976,17121448
9345988,17121448
9345988,17121448
9345988,17121448
9345988,17121448
9345988,17121448
9345988,17121448
9345988,17121448
9345988,17121448
9345988,17121448
9345988,17121448
9345988,17121448
9345988,17121448
9354424,17252520
9391380,17318056
9411948,17252520
9411948,17252520
9411948,17252520
9411948,17252520
9411948,17252520
9395552,17186984
9395552,17186984
9395552,17186984
9395552,17186984
9395552,17186984
9396076,17252520
9398452,17252520
9403508,17252520
9409316,17252520
9395592,17186984
9395592,17186984
9395748,17186984
9405188,17252520
9397960,17186984
9397960,17186984
9397960,17186984
9406172,17252520
9412508,17252520
9422264,17252520
9430448,17252520
9430448,17252520
9430448,17252520
9430448,17252520
9430448,17252520
9434668,17318056
9443036,17318056
9449636,17318056
9434328,17252520
9434328,17252520
9435180,17252520
9435444,17252520
9405440,17186984
9405440,17186984
9405440,17186984
9405440,17186984
9405440,17186984
9405440,17186984
9405440,17186984
9405440,17186984
9405700,17252520
9409924,17252520
9415204,17252520
9416260,17252520
9421276,17252520
9427876,17252520
9438148,17252520
9438148,17252520
9438148,17252520
9439008,17252520
9442236,17252520
9409568,17186984
9409568,17186984
9409568,17186984
9409568,17186984
9409568,17186984
9409568,17186984
9409568,17186984
9409568,17186984
9409568,17186984
9409568,17186984
9409568,17186984
9411300,17186984
9411300,17186984
9411300,17186984
9415664,17252520
9423584,17252520
9440704,17252520
9413240,17186984
9413240,17186984
9413240,17186984
9413240,17186984
9413240,17186984
9413240,17186984
9413240,17186984
9413240,17186984
9413240,17186984
9413240,17186984
9413240,17186984
9413240,17186984
9413240,17186984
9413240,17186984
9413240,17186984
9413256,17186984
9419208,17186984
9419208,17186984
9419208,17186984
9419208,17186984
9419208,17186984
9419208,17186984
9419208,17186984
9419208,17186984
9423692,17252520
9428972,17252520
9432404,17252520
9435836,17252520
9441640,17318056
9450616,17318056
9429764,17252520
9436100,17252520
9442700,17252520
9419208,17186984
9419208,17186984
9419208,17186984
9419208,17186984
9419208,17186984
9419208,17186984
9419208,17186984
9419208,17186984
9419208,17186984
9377068,17186984
9377068,17186984
9377068,17186984
9377068,17186984
9377068,17186984
9383392,17186984
9392248,17186984
9392248,17186984
9393556,17186984
9393556,17186984
9393556,17186984
9393544,17186984
9393544,17186984
9393544,17186984
9393544,17186984
9393544,17186984
9393544,17186984
9393544,17186984
9393544,17186984
9393544,17186984
9393544,17186984
9393544,17186984
9393544,17186984
9393544,17186984
9393544,17186984
9393544,17186984
9393544,17186984
9393544,17186984
9393644,17186984
9396944,17186984
9404268,17186984
9404268,17186984
9404268,17186984
9404268,17186984
9404268,17186984
9410600,17186984
9416408,17186984
9420896,17186984
9425120,17186984
9428816,17186984
9438848,17186984
9438960,17186984
9438988,17186984
9438988,17186984
9438988,17186984
9442192,17252520
9411236,17186984
9400152,17121448
9400152,17121448
9400152,17121448
9368436,17055912
9377408,17121448
9350032,17121448
9360324,17186984
9362284,17121448
9364660,17121448
9367828,17121448
9370204,17121448
9373900,17121448
9378388,17121448
9357008,17055912
9356992,17055912
9362532,17055912
9372828,17055912
9383900,17055912
9366796,17121448
9377456,17121448
9377456,17121448
9381708,17186984
9390420,17186984
9396492,17186984
9382244,17121448
9386996,17121448
9392012,17121448
9396236,17121448
9400724,17121448
9403892,17121448
9413676,17121448
9420804,17121448
9378032,17121448
9378032,17121448
9378032,17121448
9380668,17186984
9403056,17186984
9403056,17186984
9403056,17186984
9403056,17186984
9403056,17186984
9403056,17186984
9374200,17186984
9378160,17186984
9381592,17186984
9384232,17186984
9387136,17186984
9390304,17186984
9400504,17186984
9405780,17186984
9413204,17186984
9421620,17186984
9430596,17186984
9442208,17252520
9424292,17252520
9424292,17252520
9424292,17252520
9424292,17252520
9424292,17252520
9424292,17252520
9400340,17186984
9400340,17186984
9400340,17186984
9400340,17186984
9400340,17186984
9400340,17186984
9400340,17186984
9400308,17186984
9400308,17186984
9404792,17252520
9400404,17186984
9400356,17186984
9406696,17186984
9416196,17186984
9430716,17186984
9440748,17186984
9448400,17186984
9414476,17186984
9414476,17186984
9414476,17186984
9414476,17186984
9414476,17186984
9417112,17252520
9416792,17186984
9416792,17186984
9416792,17186984
9416792,17186984
9416792,17186984
9418960,17186984
9418960,17186984
9418960,17186984
9418960,17186984
9382604,17121448
9382636,17121448
9382636,17121448
9382636,17121448
9383956,17121448
9383956,17121448
9383956,17121448
9383956,17121448
9383956,17121448
9383956,17121448
9383976,17121448
9383944,17121448
9383944,17121448
9391068,17186984
9402680,17252520
9425388,17252520
9435300,17252520
9435300,17252520
9435300,17252520
9435300,17252520
9408404,17186984
9408404,17186984
9408404,17186984
9408404,17186984
9408404,17186984
9408404,17186984
9408404,17186984
9408404,17186984
9408372,17186984
9409688,17186984
9417344,17186984
9425264,17186984
9439780,17252520
9427720,17252520
9412640,17186984
9412640,17186984
9412640,17186984
9412640,17186984
9412640,17186984
9412640,17186984
9412640,17186984
9414484,17252520
9419232,17252520
9426624,17252520
9433224,17252520
9424780,17186984
9429764,17186984
9436628,17186984
9444020,17186984
9462576,17252520
9431784,17252520
9444972,17252520
9445000,17252520
9445000,17252520
9445000,17252520
9418788,17186984
9418788,17186984
9420632,17186984
9429080,17186984
9429080,17186984
9429080,17186984
9429080,17186984
9429080,17186984
9432276,17252520
9435708,17252520
9442308,17252520
9456856,17318056
9465480,17318056
9474720,17318056
9482940,17318056
9482924,17318056
9482924,17318056
9482924,17318056
9482924,17318056
9455480,17252520
9455480,17252520
9429140,17186984
9429140,17186984
9429140,17186984
9429400,17252520
9433096,17252520
9442072,17252520
9429360,17186984
9429360,17186984
9429360,17186984
9429360,17186984
9429344,17186984
9434192,17186984
9434192,17186984
9447388,17186984
9459004,17186984
9467452,17186984
9475372,17186984
9434172,17186984
9434172,17186984
9434172,17186984
9434172,17186984
9434172,17186984
9434172,17186984
9435076,17186984
9435076,17186984
9435076,17186984
9435076,17186984
9436656,17252520
9446176,17252520
9461732,17252520
9461732,17252520
9466480,17252520
9479152,17252520
9460188,17186984
9467052,17186984
9435152,17186984
9435152,17186984
9435152,17186984
9435152,17186984
9437260,17252520
9439900,17252520
9444652,17252520
9451212,17252520
9435112,17186984
9435112,17186984
9435112,17186984
9435112,17186984
9438296,17186984
9438296,17186984
9438296,17186984
9438296,17186984
9438296,17186984
9438296,17186984
9438296,17186984
9438296,17186984
9438296,17186984
9438296,17186984
9438296,17186984
9438296,17186984
9438296,17186984
9438296,17186984
9438296,17186984
9449112,17252520
9476564,17318056
9514812,17318056
9530320,17318056
9503004,17252520
9503004,17252520
9503004,17252520
9503004,17252520
9503004,17252520
9503004,17252520
9503004,17252520
9503004,17252520
9503004,17252520
9503004,17252520
9503004,17252520
9503004,17252520
9508280,17318056
9515936,17318056
9530192,17318056
9530512,17318056
9530512,17318056
9538388,17318056
9538388,17318056
9538388,17318056
9538388,17318056
9511740,17252520
9511740,17252520
9511740,17252520
9511740,17252520
9511740,17252520
9511740,17252520
9484384,17186984
9484384,17186984
9484588,17186984
9484588,17186984
9484848,17186984
9484848,17186984
9487560,17252520
9503728,17252520
9485780,17186984
9485780,17186984
9488944,17252520
9497128,17252520
9503464,17252520
9508744,17252520
9517456,17252520
9517456,17252520
9517456,17252520
9517456,17252520
9517456,17252520
9517456,17252520
9536368,17252520
9536368,17252520
9536368,17252520
9536632,17252520
9543784,17318056
9536844,17252520
9536844,17252520
9536844,17252520
9536844,17252520
9536844,17252520
9536844,17252520
9536844,17252520
9536844,17252520
9536844,17252520
9536844,17252520
9504760,17186984
9504760,17186984
9504760,17186984
9504720,17186984
9504720,17186984
9504720,17186984
9504720,17186984
9510260,17252520
9537448,17252520
9511032,17186984
9511032,17186984
9515516,17252520
9523964,17252520
9530300,17252520
9511032,17186984
9511032,17186984
9511032,17186984
9511032,17186984
9511032,17186984
9512612,17252520
9518152,17252520
9533700,17252520
9542412,17252520
9523808,17186984
9523808,17186984
9523808,17186984
9523808,17186984
9523808,17186984
9523808,17186984
9523808,17186984
9523808,17186984
9523808,17186984
9523808,17186984
9529348,17252520
9523852,17186984
9523852,17186984
9523852,17186984
9523852,17186984
9523852,17186984
9523852,17186984
9523852,17186984
9523852,17186984
9523852,17186984
9523852,17186984
9525696,17252520
9539120,17252520
9523812,17186984
9523812,17186984
9523812,17186984
9523812,17186984
9523812,17186984
9523812,17186984
9523812,17186984
9523812,17186984
9523812,17186984
9524864,17252520
9526712,17252520
9529352,17252520
9534632,17252520
9540440,17252520
9550052,17252520
9523812,17186984
9527240,17252520
9523812,17186984
9523812,17186984
9523812,17186984
9523812,17186984
9523812,17186984
9523812,17186984
9523812,17186984
9523812,17186984
9523812,17186984
9523812,17186984
9523812,17186984
9523812,17186984
9523812,17186984
9523812,17186984
9523812,17186984
9525908,17252520
9533300,17252520
9506624,17186984
9514948,17186984
9514916,17186984
9514916,17186984
9518608,17252520
9527584,17252520
9535504,17252520
9544744,17252520
9544744,17252520
9544744,17252520
9544744,17252520
9545796,17318056
9548436,17318056
9552396,17318056
9559524,17318056
9571268,17318056
9571268,17318056
9573428,17318056
9580504,17318056
9580512,17318056
9580512,17318056
9580512,17318056
9580512,17318056
9583148,17383592
9580544,17318056
9551912,17252520
9551912,17252520
9551912,17252520
9551912,17252520
9521796,17186984
9521796,17186984
9521796,17186984
9521796,17186984
9521796,17186984
9521796,17186984
9528656,17252520
9521804,17186984
9495560,17121448
9495560,17121448
9495560,17121448
9495560,17121448
9495820,17121448
9506628,17121448
9525364,17121448
9525628,17121448
9525628,17121448
9525628,17121448
9527736,17186984
9531696,17186984
9539088,17186984
9551672,17186984
9533176,17186984
9542416,17252520
9538160,17186984
9525756,17121448
9525756,17121448
9525756,17121448
9525756,17121448
9525756,17121448
9536316,17186984
9526464,17121448
9526464,17121448
9526464,17121448
9526464,17121448
9526464,17121448
9526464,17121448
9526464,17121448
9526464,17121448
9526464,17121448
9526984,17252520
9539168,17252520
9543132,17252520
9562516,17186984
9535084,17121448
9535084,17121448
9535084,17121448
9535084,17121448
9535084,17121448
9535084,17121448
9535084,17121448
9535084,17121448
9535084,17121448
9535084,17121448
9535084,17121448
9535084,17121448
9537720,17186984
9545640,17186984
9564200,17186984
9572776,17252520
9564332,17186984
9564332,17186984
9564332,17186984
9564332,17186984
9564332,17186984
9564332,17186984
9573040,17186984
9575680,17186984
9575680,17186984
9575680,17186984
9575680,17186984
9575680,17186984
9575680,17186984
9575680,17186984
9575680,17186984
9575680,17186984
9588648,17383592
9610848,17318056
9629520,17318056
9602952,17252520
9602952,17252520
9602952,17252520
9602952,17252520
9602952,17252520
9602952,17252520
9602952,17252520
9602952,17252520
9602952,17252520
9602952,17252520
9602952,17252520
9602936,17252520
9602936,17252520
9602936,17252520
9611380,17318056
9623448,17318056
9631824,17318056
9632780,17318056
9632780,17318056
9632780,17318056
9632780,17318056
9632780,17318056
9605968,17252520
9605968,17252520
9605968,17252520
9605968,17252520
9605968,17252520
9576668,17186984
9576668,17186984
9576668,17186984
9576668,17186984
9576668,17186984
9578024,17252520
9590428,17252520
9579780,17186984
9579780,17186984
9579780,17186984
9579780,17186984
9579780,17186984
9579780,17186984
9579780,17186984
9579780,17186984
9579780,17186984
9579780,17186984
9579780,17186984
9579780,17186984
9579780,17186984
9579780,17186984
9585584,17252520
9592976,17252520
9600632,17252520
9579828,17186984
9579828,17186984
9582756,17186984
9582756,17186984
9582756,17186984
9582756,17186984
9582756,17186984
9582756,17186984
9587240,17252520
9590144,17252520
9593048,17252520
9595952,17252520
9599648,17252520
9586868,17186984
9586900,17186984
9586900,17186984
9590832,17252520
9598488,17252520
9614592,17252520
9614752,17252520
9614752,17252520
9614752,17252520
9614752,17252520
9614752,17252520
9620028,17252520
9626624,17252520
9641936,17252520
9641936,17252520
9641936,17252520
9641936,17252520
9641936,17252520
9641936,17252520
9642048,17252520
9642048,17252520
9642048,17252520
9642048,17252520
9647324,17318056
9669484,17318056
9669484,17318056
9669484,17318056
9669484,17318056
9669484,17318056
9642136,17252520
9642136,17252520
9642136,17252520
9642136,17252520
9642136,17252520
9642136,17252520
9642136,17252520
9642136,17252520
9642136,17252520
9645012,17252520
9645012,17252520
9645116,17252520
9648048,17318056
9645140,17252520
9645140,17252520
9645140,17252520
9645140,17252520
9645140,17252520
9645140,17252520
9645140,17252520
9599920,17252520
9599920,17252520
9599920,17252520
9599920,17252520
9599920,17252520
9599920,17252520
9599920,17252520
9599920,17252520
9599920,17252520
9599952,17252520
9599920,17252520
9599880,17252520
9599880,17252520
9599880,17252520
9572340,17186984
9572340,17186984
9572340,17186984
9572340,17186984
9572340,17186984
9572340,17186984
9572340,17186984
9572340,17186984
9572340,17186984
9572340,17186984
9578408,17252520
9584480,17252520
9593160,17252520
9601800,17252520
9602324,17318056
9602304,17252520
9602304,17252520
9602304,17252520
9602304,17252520
9602304,17252520
9602304,17252520
9602304,17252520
9572844,17186984
9572844,17186984
9572844,17186984
9572844,17186984
9572844,17186984
9575352,17186984
9575352,17186984
9575352,17186984
9575352,17186984
9575352,17186984
9575352,17186984
9575320,17186984
9575320,17186984
9575320,17186984
9575320,17186984
9582172,17186984
9594540,17252520
9612752,17252520
9612752,17252520
9612752,17252520
9612752,17252520
9612752,17252520
9612752,17252520
9612792,17252520
9612792,17252520
9612792,17252520
9614372,17318056
9621236,17318056
9638132,17318056
9621716,17252520
9621716,17252520
9627784,17252520
9641776,17252520
9648904,17252520
9656032,17252520
9616820,17252520
9616820,17252520
9616820,17252520
9616820,17252520
9616820,17252520
9616820,17252520
9616820,17252520
9616820,17252520
9616820,17252520
9616820,17252520
9616820,17252520
9616820,17252520
9616820,17252520
9617080,17252520
9632128,17252520
9644536,17252520
9653776,17252520
9616820,17252520
9616820,17252520
9616820,17252520
9616820,17252520
9616820,17252520
9616820,17252520
9616820,17252520
9616820,17252520
9616820,17252520
9620248,17252520
9627904,17252520
9638728,17252520
9659580,17318056
9643592,17318056
9643592,17318056
9643592,17318056
9643592,17318056
9643592,17318056
9643592,17318056
9646488,17318056
9650976,17318056
9655464,17318056
9658896,17318056
9664436,17383592
9672884,17383592
9683220,17383592
9696908,17383592
9672336,17383592
9672336,17383592
9672336,17383592
9672336,17383592
9645152,17318056
9645152,17318056
9645152,17318056
9645152,17318056
9645152,17318056
9645152,17318056
9645152,17318056
9645152,17318056
9645152,17318056
9645152,17318056
9645152,17318056
9645152,17318056
9645120,17318056
9652244,17318056
9661484,17318056
9671516,17318056
9682340,17318056
9618324,17252520
9618324,17252520
9618324,17252520
9618324,17252520
9618324,17252520
9618324,17252520
9618324,17252520
9618324,17252520
9618324,17252520
9618324,17252520
9618324,17252520
9618324,17252520
9618324,17252520
9618332,17252520
9621760,17318056
9638916,17318056
9662676,17318056
9647896,17252520
9618332,17252520
9618332,17252520
9618332,17252520
9618332,17252520
9618332,17252520
9618332,17252520
9618592,17318056
9622816,17318056
9627040,17318056
9631264,17318056
9634696,17318056
9618364,17252520
9618332,17252520
9618332,17252520
9618592,17252520
9627568,17252520
9645252,17318056
9669540,17318056
9650052,17318056
9620924,17252520
9620924,17252520
9620924,17252520
9620924,17252520
9620924,17252520
9620924,17252520
9620924,17252520
9620924,17252520
9620924,17252520
9620924,17252520
9623560,17252520
9625668,17318056
9632796,17318056
9640452,17318056
9653828,17318056
9653828,17318056
9653828,17318056
9653828,17318056
9653828,17318056
9653828,17318056
9653828,17318056
9656200,17318056
9667812,17318056
9689196,17318056
9689196,17318056
9689196,17318056
9658944,17252520
9658944,17252520
9658944,17252520
9659468,17252520
9666596,17252520
9676412,17252520
9681952,17318056
9689868,17383592
9714884,17383592
9707644,17318056
9707644,17318056
9707644,17318056
9707644,17318056
9664208,17318056
9664208,17318056
9664208,17318056
9664208,17318056
9664208,17318056
9664208,17318056
9664208,17318056
9664208,17318056
9664256,17318056
9664256,17318056
9639388,17252520
9639388,17252520
9642288,17318056
9659980,17318056
9639408,17252520
9639408,17252520
9639408,17252520
9639408,17252520
9639408,17252520
9601556,17252520
9601556,17252520
9601556,17252520
9601556,17252520
9601556,17252520
9601556,17252520
9601556,17252520
9601540,17252520
9601540,17252520
9607080,17252520
9625028,17252520
9644828,17252520
9674856,17252520
9631960,17252520
9591096,17252520
9591620,17252520
9591620,17252520
9591620,17252520
9594260,17252520
9602176,17318056
9609568,17318056
9616696,17318056
9623296,17318056
9630160,17318056
9618004,17252520
9623020,17252520
9629884,17252520
9591080,17252520
9591080,17252520
9594528,17252520
9594528,17252520
9594528,17252520
9594528,17252520
9594528,17252520
9594528,17252520
9595052,17252520
9595052,17252520
9596104,17252520
9600592,17252520
9604024,17252520
9607192,17252520
9612996,17252520
9618012,17252520
9624876,17252520
9641108,17318056
9657476,17318056
9681736,17318056
9693616,17318056
9662284,17318056
9635976,17252520
9635976,17252520
9635976,17252520
9635976,17252520
9596032,17252520
9596064,17252520
9596064,17252520
9596064,17252520
9596064,17252520
9596064,17252520
9596064,17252520
9596048,17252520
9596016,17252520
9599708,17252520
9608684,17252520
9620300,17252520
9625528,17252520
9625528,17252520
9625528,17252520
9625528,17252520
9625528,17252520
9625528,17252520
9625528,17252520
9625528,17252520
9625528,17252520
9625528,17252520
9625528,17252520
9625528,17252520
9625528,17252520
9625528,17252520
9625528,17252520
9625528,17252520
9625528,17252520
9625528,17252520
9625528,17252520
9625528,17252520
9625528,17252520
9625528,17252520
9625528,17252520
9625528,17252520
9625528,17252520
9625528,17252520
9625528,17252520
9625528,17252520
9625528,17252520
9625528,17252520
9625528,17252520
9625528,17252520
9625528,17252520
9625528,17252520
9625528,17252520
9625528,17252520
9625528,17252520
9625528,17252520
9625528,17252520
9625528,17252520
9625528,17252520
9625528,17252520
9625528,17252520
9625528,17252520
9625528,17252520
9625528,17252520
9625528,17252520
9625528,17252520
9625528,17252520
9625528,17252520
9625528,17252520
9625528,17252520
9625528,17252520
9625528,17252520
9625528,17252520
9625528,17252520
9625528,17252520
9625528,17252520
9625528,17252520
9625528,17252520
9625528,17252520
9625528,17252520
9625528,17252520
9625528,17252520
9625528,17252520
9625528,17252520
9625528,17252520
9625528,17252520
9625528,17252520
9625528,17252520
9625528,17252520
9625528,17252520
9625528,17252520
9625528,17252520
9625528,17252520
9625528,17252520
9625528,17252520
9625528,17252520
9625528,17252520
9625528,17252520
9625528,17252520
9625528,17252520
9625528,17252520
9625528,17252520
9625528,17252520
9625528,17252520
9625528,17252520
9625528,17252520
9625528,17252520
9625528,17252520
9625528,17252520
9625528,17252520
9625528,17252520
9625528,17252520
9625528,17252520
9625528,17252520
9625528,17252520
9625528,17252520
9625528,17252520
9625528,17252520
9625528,17252520
9625528,17252520
9625528,17252520
9625528,17252520
9625528,17252520
9625528,17252520
9625528,17252520
9625528,17252520
9625528,17252520
9625528,17252520
9625528,17252520
9625528,17252520
9625528,17252520
9625528,17252520
9625528,17252520
9625528,17252520
9625528,17252520
9625528,17252520
9625528,17252520
9625528,17252520
